{
  "files_processed": [
    "Friday-WorkingHours-Afternoon-DDos.pcap_ISCX.csv",
    "Friday-WorkingHours-Afternoon-PortScan.pcap_ISCX.csv",
    "Friday-WorkingHours-Morning.pcap_ISCX.csv",
    "Monday-WorkingHours.pcap_ISCX.csv",
    "Thursday-WorkingHours-Afternoon-Infilteration.pcap_ISCX.csv",
    "Thursday-WorkingHours-Morning-WebAttacks.pcap_ISCX.csv",
    "Tuesday-WorkingHours.pcap_ISCX.csv",
    "Wednesday-workingHours.pcap_ISCX.csv"
  ],
  "percentiles": {
    "Destination Port": {
      "1": 53.0,
      "5": 53.0,
      "25": 80.0,
      "50": 80.0,
      "75": 443.0,
      "95": 58339.0,
      "99": 65338.00099999999
    },
    "Flow Duration": {
      "1": 3.0,
      "5": 73.0,
      "25": 55096.0,
      "50": 1308412.0,
      "75": 8657772.5,
      "95": 94167849.5,
      "99": 119315327.65799998
    },
    "Total Fwd Packets": {
      "1": 1.0,
      "5": 1.0,
      "25": 2.0,
      "50": 3.0,
      "75": 5.0,
      "95": 9.0,
      "99": 129.00199999997858
    },
    "Total Backward Packets": {
      "1": 0.0,
      "5": 0.0,
      "25": 1.0,
      "50": 4.0,
      "75": 5.0,
      "95": 9.0,
      "99": 178.0
    },
    "Total Length of Fwd Packets": {
      "1": 0.0,
      "5": 4.0,
      "25": 24.0,
      "50": 30.0,
      "75": 64.0,
      "95": 11607.0,
      "99": 18467.0
    },
    "Total Length of Bwd Packets": {
      "1": 0.0,
      "5": 0.0,
      "25": 0.0,
      "50": 158.0,
      "75": 11601.0,
      "95": 11607.0,
      "99": 258963.22699999757
    },
    "Fwd Packet Length Max": {
      "1": 0.0,
      "5": 2.0,
      "25": 6.0,
      "50": 20.0,
      "75": 35.0,
      "95": 4380.0,
      "99": 11595.0
    },
    "Fwd Packet Length Min": {
      "1": 0.0,
      "5": 0.0,
      "25": 0.0,
      "50": 0.0,
      "75": 6.0,
      "95": 47.0,
      "99": 1375.0
    },
    "Fwd Packet Length Mean": {
      "1": 0.0,
      "5": 2.0,
      "25": 6.0,
      "50": 8.666666667,
      "75": 33.0,
      "95": 1658.142857,
      "99": 2596.4
    },
    "Fwd Packet Length Std": {
      "1": 0.0,
      "5": 0.0,
      "25": 0.0,
      "50": 0.0,
      "75": 10.26320288,
      "95": 2117.853979,
      "99": 5184.100867
    },
    "Bwd Packet Length Max": {
      "1": 0.0,
      "5": 0.0,
      "25": 0.0,
      "50": 94.0,
      "75": 5840.0,
      "95": 10135.0,
      "99": 11595.0
    },
    "Bwd Packet Length Min": {
      "1": 0.0,
      "5": 0.0,
      "25": 0.0,
      "50": 0.0,
      "75": 6.0,
      "95": 119.0,
      "99": 343.0
    },
    "Bwd Packet Length Mean": {
      "1": 0.0,
      "5": 0.0,
      "25": 0.0,
      "50": 86.0,
      "75": 1934.5,
      "95": 2900.25,
      "99": 3867.0
    },
    "Bwd Packet Length Std": {
      "1": 0.0,
      "5": 0.0,
      "25": 0.0,
      "50": 0.0,
      "75": 2436.833027,
      "95": 4413.201989,
      "99": 6692.644993
    },
    "Flow Bytes/s": {
      "1": 0.0,
      "5": 2.24703909445,
      "25": 11.4231807725,
      "50": 1072.843289,
      "75": 23264.737877500003,
      "95": 1223744.292,
      "99": 61800000.0
    },
    "Flow Packets/s": {
      "1": 0.12509469926,
      "5": 0.15140791355,
      "25": 0.6246490745,
      "50": 5.818295162,
      "75": 87.199923285,
      "95": 31250.0,
      "99": 2000000.0
    },
    "Flow IAT Mean": {
      "1": 3.0,
      "5": 53.0,
      "25": 13790.3125,
      "50": 204396.58335,
      "75": 2001117.333,
      "95": 7156174.681849998,
      "99": 33000000.0
    },
    "Flow IAT Std": {
      "1": 0.0,
      "5": 0.0,
      "25": 14276.178805,
      "50": 496920.46485,
      "75": 4000318.7562499996,
      "95": 23400000.0,
      "99": 50400099.99999893
    },
    "Flow IAT Max": {
      "1": 3.0,
      "5": 67.0,
      "25": 48250.75,
      "50": 1282555.0,
      "75": 8199813.75,
      "95": 83400000.0,
      "99": 101000000.0
    },
    "Flow IAT Min": {
      "1": 0.0,
      "5": 1.0,
      "25": 1.0,
      "50": 3.0,
      "75": 41.0,
      "95": 2253.399999999907,
      "99": 3010048.0599999996
    },
    "Fwd IAT Total": {
      "1": 0.0,
      "5": 0.0,
      "25": 47.0,
      "50": 19094.0,
      "75": 7757539.75,
      "95": 94000000.0,
      "99": 119000000.0
    },
    "Fwd IAT Mean": {
      "1": 0.0,
      "5": 0.0,
      "25": 43.0,
      "50": 8745.25,
      "75": 2007566.73325,
      "95": 13900000.0,
      "99": 91600299.99999678
    },
    "Fwd IAT Std": {
      "1": 0.0,
      "5": 0.0,
      "25": 0.0,
      "50": 9898.080723,
      "75": 3617556.43325,
      "95": 33200000.0,
      "99": 49800000.0
    },
    "Fwd IAT Max": {
      "1": 0.0,
      "5": 0.0,
      "25": 47.0,
      "50": 18716.5,
      "75": 7416812.5,
      "95": 84800000.0,
      "99": 102000000.0
    },
    "Fwd IAT Min": {
      "1": 0.0,
      "5": 0.0,
      "25": 1.0,
      "50": 4.0,
      "75": 111.0,
      "95": 990.0,
      "99": 84651045.20399733
    },
    "Bwd IAT Total": {
      "1": 0.0,
      "5": 0.0,
      "25": 0.0,
      "50": 33490.5,
      "75": 1065293.75,
      "95": 73300000.0,
      "99": 119000000.0
    },
    "Bwd IAT Mean": {
      "1": 0.0,
      "5": 0.0,
      "25": 0.0,
      "50": 8153.35714285715,
      "75": 255842.6,
      "95": 7355833.760624998,
      "99": 83800399.99999571
    },
    "Bwd IAT Std": {
      "1": 0.0,
      "5": 0.0,
      "25": 0.0,
      "50": 11492.511204999999,
      "75": 489697.48955000006,
      "95": 5459589.079149995,
      "99": 40600000.0
    },
    "Bwd IAT Max": {
      "1": 0.0,
      "5": 0.0,
      "25": 0.0,
      "50": 27116.5,
      "75": 1048682.5,
      "95": 16400000.0,
      "99": 101000000.0
    },
    "Bwd IAT Min": {
      "1": 0.0,
      "5": 0.0,
      "25": 0.0,
      "50": 3.0,
      "75": 47.0,
      "95": 216.0,
      "99": 87179265.75499977
    },
    "Fwd PSH Flags": {
      "1": 0.0,
      "5": 0.0,
      "25": 0.0,
      "50": 0.0,
      "75": 0.0,
      "95": 0.0,
      "99": 1.0
    },
    "Bwd PSH Flags": {
      "1": 0.0,
      "5": 0.0,
      "25": 0.0,
      "50": 0.0,
      "75": 0.0,
      "95": 0.0,
      "99": 0.0
    },
    "Fwd URG Flags": {
      "1": 0.0,
      "5": 0.0,
      "25": 0.0,
      "50": 0.0,
      "75": 0.0,
      "95": 0.0,
      "99": 0.0
    },
    "Bwd URG Flags": {
      "1": 0.0,
      "5": 0.0,
      "25": 0.0,
      "50": 0.0,
      "75": 0.0,
      "95": 0.0,
      "99": 0.0
    },
    "Fwd Header Length": {
      "1": 20.0,
      "5": 20.0,
      "25": 64.0,
      "50": 72.0,
      "75": 100.0,
      "95": 200.0,
      "99": 3152.019999999786
    },
    "Bwd Header Length": {
      "1": 0.0,
      "5": 0.0,
      "25": 20.0,
      "50": 92.0,
      "75": 120.0,
      "95": 212.0,
      "99": 4568.015999999829
    },
    "Fwd Packets/s": {
      "1": 0.05669997825,
      "5": 0.08178687814999999,
      "25": 0.43705053275,
      "50": 2.4793634325,
      "75": 42.5760648025,
      "95": 16393.44262,
      "99": 2000000.0
    },
    "Bwd Packets/s": {
      "1": 0.0,
      "5": 0.0,
      "25": 0.04341497775,
      "50": 1.8913800645,
      "75": 29.8016513875,
      "95": 11173.18436,
      "99": 250000.0
    },
    "Min Packet Length": {
      "1": 0.0,
      "5": 0.0,
      "25": 0.0,
      "50": 0.0,
      "75": 6.0,
      "95": 44.0,
      "99": 95.0
    },
    "Max Packet Length": {
      "1": 0.0,
      "5": 6.0,
      "25": 6.0,
      "50": 192.0,
      "75": 5840.0,
      "95": 10220.0,
      "99": 11595.0
    },
    "Packet Length Mean": {
      "1": 0.0,
      "5": 3.333333333,
      "25": 6.0,
      "50": 91.0,
      "75": 1162.7,
      "95": 1453.375,
      "99": 1661.0
    },
    "Packet Length Std": {
      "1": 0.0,
      "5": 0.0,
      "25": 0.0,
      "50": 76.13343549,
      "75": 2110.95076,
      "95": 3350.634907,
      "99": 4380.487987
    },
    "Packet Length Variance": {
      "1": 0.0,
      "5": 0.0,
      "25": 0.0,
      "50": 5964.3,
      "75": 4456113.111,
      "95": 11200000.0,
      "99": 19200000.0
    },
    "FIN Flag Count": {
      "1": 0.0,
      "5": 0.0,
      "25": 0.0,